Workbook

Sheet マスター
A1: 麻雀部 成績マスター
A2: ※ 各回シートで「集計に追加」マクロを実行すると自動反映されます | 参加者の追加は「設定」シートの A列へ
A3: 参加者 | B3: 参加 回数 | C3: 対局数 | D3: 平均 順位 | E3: 1位 回数 | F3: 2位 回数 | G3: 3位 回数 | H3: 4位 回数 | I3: トップ率 | J3: 連対率 | K3: 合計収支 | L3: 平均収支
A4: 鈴木太郎 | B4: =SUMPRODUCT((データ!$C$2:$C$2000=$A4)*1/COUNTIF(データ!$A$2:$A$2000,データ!$A$2:$A$2000)*(データ!$C$2:$C$2000=$A4)) | C4: =COUNTIF(データ!$C:$C,$A4) | D4: =IFERROR(AVERAGEIF(データ!$C:$C,$A4,データ!$E:$E),"-") | E4: =COUNTIFS(データ!$C:$C,$A4,データ!$E:$E,1) | F4: =COUNTIFS(データ!$C:$C,$A4,データ!$E:$E,2) | G4: =COUNTIFS(データ!$C:$C,$A4,データ!$E:$E,3) | H4: =COUNTIFS(データ!$C:$C,$A4,データ!$E:$E,4) | I4: =IFERROR(COUNTIFS(データ!$C:$C,$A4,データ!$E:$E,1)/COUNTIF(データ!$C:$C,$A4),"-") | J4: =IFERROR((COUNTIFS(データ!$C:$C,$A4,データ!$E:$E,1)+COUNTIFS(データ!$C:$C,$A4,データ!$E:$E,2))/COUNTIF(データ!$C:$C,$A4),"-") | K4: =SUMIF(データ!$C:$C,$A4,データ!$F:$F) | L4: =IFERROR(AVERAGEIF(データ!$C:$C,$A4,データ!$F:$F),"-")
A5: 田中花子 | B5: =SUMPRODUCT((データ!$C$2:$C$2000=$A5)*1/COUNTIF(データ!$A$2:$A$2000,データ!$A$2:$A$2000)*(データ!$C$2:$C$2000=$A5)) | C5: =COUNTIF(データ!$C:$C,$A5) | D5: =IFERROR(AVERAGEIF(データ!$C:$C,$A5,データ!$E:$E),"-") | E5: =COUNTIFS(データ!$C:$C,$A5,データ!$E:$E,1) | F5: =COUNTIFS(データ!$C:$C,$A5,データ!$E:$E,2) | G5: =COUNTIFS(データ!$C:$C,$A5,データ!$E:$E,3) | H5: =COUNTIFS(データ!$C:$C,$A5,データ!$E:$E,4) | I5: =IFERROR(COUNTIFS(データ!$C:$C,$A5,データ!$E:$E,1)/COUNTIF(データ!$C:$C,$A5),"-") | J5: =IFERROR((COUNTIFS(データ!$C:$C,$A5,データ!$E:$E,1)+COUNTIFS(データ!$C:$C,$A5,データ!$E:$E,2))/COUNTIF(データ!$C:$C,$A5),"-") | K5: =SUMIF(データ!$C:$C,$A5,データ!$F:$F) | L5: =IFERROR(AVERAGEIF(データ!$C:$C,$A5,データ!$F:$F),"-")
A6: 佐藤一郎 | B6: =SUMPRODUCT((データ!$C$2:$C$2000=$A6)*1/COUNTIF(データ!$A$2:$A$2000,データ!$A$2:$A$2000)*(データ!$C$2:$C$2000=$A6)) | C6: =COUNTIF(データ!$C:$C,$A6) | D6: =IFERROR(AVERAGEIF(データ!$C:$C,$A6,データ!$E:$E),"-") | E6: =COUNTIFS(データ!$C:$C,$A6,データ!$E:$E,1) | F6: =COUNTIFS(データ!$C:$C,$A6,データ!$E:$E,2) | G6: =COUNTIFS(データ!$C:$C,$A6,データ!$E:$E,3) | H6: =COUNTIFS(データ!$C:$C,$A6,データ!$E:$E,4) | I6: =IFERROR(COUNTIFS(データ!$C:$C,$A6,データ!$E:$E,1)/COUNTIF(データ!$C:$C,$A6),"-") | J6: =IFERROR((COUNTIFS(データ!$C:$C,$A6,データ!$E:$E,1)+COUNTIFS(データ!$C:$C,$A6,データ!$E:$E,2))/COUNTIF(データ!$C:$C,$A6),"-") | K6: =SUMIF(データ!$C:$C,$A6,データ!$F:$F) | L6: =IFERROR(AVERAGEIF(データ!$C:$C,$A6,データ!$F:$F),"-")
A7: 山田次郎 | B7: =SUMPRODUCT((データ!$C$2:$C$2000=$A7)*1/COUNTIF(データ!$A$2:$A$2000,データ!$A$2:$A$2000)*(データ!$C$2:$C$2000=$A7)) | C7: =COUNTIF(データ!$C:$C,$A7) | D7: =IFERROR(AVERAGEIF(データ!$C:$C,$A7,データ!$E:$E),"-") | E7: =COUNTIFS(データ!$C:$C,$A7,データ!$E:$E,1) | F7: =COUNTIFS(データ!$C:$C,$A7,データ!$E:$E,2) | G7: =COUNTIFS(データ!$C:$C,$A7,データ!$E:$E,3) | H7: =COUNTIFS(データ!$C:$C,$A7,データ!$E:$E,4) | I7: =IFERROR(COUNTIFS(データ!$C:$C,$A7,データ!$E:$E,1)/COUNTIF(データ!$C:$C,$A7),"-") | J7: =IFERROR((COUNTIFS(データ!$C:$C,$A7,データ!$E:$E,1)+COUNTIFS(データ!$C:$C,$A7,データ!$E:$E,2))/COUNTIF(データ!$C:$C,$A7),"-") | K7: =SUMIF(データ!$C:$C,$A7,データ!$F:$F) | L7: =IFERROR(AVERAGEIF(データ!$C:$C,$A7,データ!$F:$F),"-")
A8: 伊藤三郎 | B8: =SUMPRODUCT((データ!$C$2:$C$2000=$A8)*1/COUNTIF(データ!$A$2:$A$2000,データ!$A$2:$A$2000)*(データ!$C$2:$C$2000=$A8)) | C8: =COUNTIF(データ!$C:$C,$A8) | D8: =IFERROR(AVERAGEIF(データ!$C:$C,$A8,データ!$E:$E),"-") | E8: =COUNTIFS(データ!$C:$C,$A8,データ!$E:$E,1) | F8: =COUNTIFS(データ!$C:$C,$A8,データ!$E:$E,2) | G8: =COUNTIFS(データ!$C:$C,$A8,データ!$E:$E,3) | H8: =COUNTIFS(データ!$C:$C,$A8,データ!$E:$E,4) | I8: =IFERROR(COUNTIFS(データ!$C:$C,$A8,データ!$E:$E,1)/COUNTIF(データ!$C:$C,$A8),"-") | J8: =IFERROR((COUNTIFS(データ!$C:$C,$A8,データ!$E:$E,1)+COUNTIFS(データ!$C:$C,$A8,データ!$E:$E,2))/COUNTIF(データ!$C:$C,$A8),"-") | K8: =SUMIF(データ!$C:$C,$A8,データ!$F:$F) | L8: =IFERROR(AVERAGEIF(データ!$C:$C,$A8,データ!$F:$F),"-")
A9: 渡辺四郎 | B9: =SUMPRODUCT((データ!$C$2:$C$2000=$A9)*1/COUNTIF(データ!$A$2:$A$2000,データ!$A$2:$A$2000)*(データ!$C$2:$C$2000=$A9)) | C9: =COUNTIF(データ!$C:$C,$A9) | D9: =IFERROR(AVERAGEIF(データ!$C:$C,$A9,データ!$E:$E),"-") | E9: =COUNTIFS(データ!$C:$C,$A9,データ!$E:$E,1) | F9: =COUNTIFS(データ!$C:$C,$A9,データ!$E:$E,2) | G9: =COUNTIFS(データ!$C:$C,$A9,データ!$E:$E,3) | H9: =COUNTIFS(データ!$C:$C,$A9,データ!$E:$E,4) | I9: =IFERROR(COUNTIFS(データ!$C:$C,$A9,データ!$E:$E,1)/COUNTIF(データ!$C:$C,$A9),"-") | J9: =IFERROR((COUNTIFS(データ!$C:$C,$A9,データ!$E:$E,1)+COUNTIFS(データ!$C:$C,$A9,データ!$E:$E,2))/COUNTIF(データ!$C:$C,$A9),"-") | K9: =SUMIF(データ!$C:$C,$A9,データ!$F:$F) | L9: =IFERROR(AVERAGEIF(データ!$C:$C,$A9,データ!$F:$F),"-")
A10: 中村五郎 | B10: =SUMPRODUCT((データ!$C$2:$C$2000=$A10)*1/COUNTIF(データ!$A$2:$A$2000,データ!$A$2:$A$2000)*(データ!$C$2:$C$2000=$A10)) | C10: =COUNTIF(データ!$C:$C,$A10) | D10: =IFERROR(AVERAGEIF(データ!$C:$C,$A10,データ!$E:$E),"-") | E10: =COUNTIFS(データ!$C:$C,$A10,データ!$E:$E,1) | F10: =COUNTIFS(データ!$C:$C,$A10,データ!$E:$E,2) | G10: =COUNTIFS(データ!$C:$C,$A10,データ!$E:$E,3) | H10: =COUNTIFS(データ!$C:$C,$A10,データ!$E:$E,4) | I10: =IFERROR(COUNTIFS(データ!$C:$C,$A10,データ!$E:$E,1)/COUNTIF(データ!$C:$C,$A10),"-") | J10: =IFERROR((COUNTIFS(データ!$C:$C,$A10,データ!$E:$E,1)+COUNTIFS(データ!$C:$C,$A10,データ!$E:$E,2))/COUNTIF(データ!$C:$C,$A10),"-") | K10: =SUMIF(データ!$C:$C,$A10,データ!$F:$F) | L10: =IFERROR(AVERAGEIF(データ!$C:$C,$A10,データ!$F:$F),"-")
A11: 小林六郎 | B11: =SUMPRODUCT((データ!$C$2:$C$2000=$A11)*1/COUNTIF(データ!$A$2:$A$2000,データ!$A$2:$A$2000)*(データ!$C$2:$C$2000=$A11)) | C11: =COUNTIF(データ!$C:$C,$A11) | D11: =IFERROR(AVERAGEIF(データ!$C:$C,$A11,データ!$E:$E),"-") | E11: =COUNTIFS(データ!$C:$C,$A11,データ!$E:$E,1) | F11: =COUNTIFS(データ!$C:$C,$A11,データ!$E:$E,2) | G11: =COUNTIFS(データ!$C:$C,$A11,データ!$E:$E,3) | H11: =COUNTIFS(データ!$C:$C,$A11,データ!$E:$E,4) | I11: =IFERROR(COUNTIFS(データ!$C:$C,$A11,データ!$E:$E,1)/COUNTIF(データ!$C:$C,$A11),"-") | J11: =IFERROR((COUNTIFS(データ!$C:$C,$A11,データ!$E:$E,1)+COUNTIFS(データ!$C:$C,$A11,データ!$E:$E,2))/COUNTIF(データ!$C:$C,$A11),"-") | K11: =SUMIF(データ!$C:$C,$A11,データ!$F:$F) | L11: =IFERROR(AVERAGEIF(データ!$C:$C,$A11,データ!$F:$F),"-")
A12: 加藤七海 | B12: =SUMPRODUCT((データ!$C$2:$C$2000=$A12)*1/COUNTIF(データ!$A$2:$A$2000,データ!$A$2:$A$2000)*(データ!$C$2:$C$2000=$A12)) | C12: =COUNTIF(データ!$C:$C,$A12) | D12: =IFERROR(AVERAGEIF(データ!$C:$C,$A12,データ!$E:$E),"-") | E12: =COUNTIFS(データ!$C:$C,$A12,データ!$E:$E,1) | F12: =COUNTIFS(データ!$C:$C,$A12,データ!$E:$E,2) | G12: =COUNTIFS(データ!$C:$C,$A12,データ!$E:$E,3) | H12: =COUNTIFS(データ!$C:$C,$A12,データ!$E:$E,4) | I12: =IFERROR(COUNTIFS(データ!$C:$C,$A12,データ!$E:$E,1)/COUNTIF(データ!$C:$C,$A12),"-") | J12: =IFERROR((COUNTIFS(データ!$C:$C,$A12,データ!$E:$E,1)+COUNTIFS(データ!$C:$C,$A12,データ!$E:$E,2))/COUNTIF(データ!$C:$C,$A12),"-") | K12: =SUMIF(データ!$C:$C,$A12,データ!$F:$F) | L12: =IFERROR(AVERAGEIF(データ!$C:$C,$A12,データ!$F:$F),"-")
A13: 吉田八重 | B13: =SUMPRODUCT((データ!$C$2:$C$2000=$A13)*1/COUNTIF(データ!$A$2:$A$2000,データ!$A$2:$A$2000)*(データ!$C$2:$C$2000=$A13)) | C13: =COUNTIF(データ!$C:$C,$A13) | D13: =IFERROR(AVERAGEIF(データ!$C:$C,$A13,データ!$E:$E),"-") | E13: =COUNTIFS(データ!$C:$C,$A13,データ!$E:$E,1) | F13: =COUNTIFS(データ!$C:$C,$A13,データ!$E:$E,2) | G13: =COUNTIFS(データ!$C:$C,$A13,データ!$E:$E,3) | H13: =COUNTIFS(データ!$C:$C,$A13,データ!$E:$E,4) | I13: =IFERROR(COUNTIFS(データ!$C:$C,$A13,データ!$E:$E,1)/COUNTIF(データ!$C:$C,$A13),"-") | J13: =IFERROR((COUNTIFS(データ!$C:$C,$A13,データ!$E:$E,1)+COUNTIFS(データ!$C:$C,$A13,データ!$E:$E,2))/COUNTIF(データ!$C:$C,$A13),"-") | K13: =SUMIF(データ!$C:$C,$A13,データ!$F:$F) | L13: =IFERROR(AVERAGEIF(データ!$C:$C,$A13,データ!$F:$F),"-")
A14: 山本九太 | B14: =SUMPRODUCT((データ!$C$2:$C$2000=$A14)*1/COUNTIF(データ!$A$2:$A$2000,データ!$A$2:$A$2000)*(データ!$C$2:$C$2000=$A14)) | C14: =COUNTIF(データ!$C:$C,$A14) | D14: =IFERROR(AVERAGEIF(データ!$C:$C,$A14,データ!$E:$E),"-") | E14: =COUNTIFS(データ!$C:$C,$A14,データ!$E:$E,1) | F14: =COUNTIFS(データ!$C:$C,$A14,データ!$E:$E,2) | G14: =COUNTIFS(データ!$C:$C,$A14,データ!$E:$E,3) | H14: =COUNTIFS(データ!$C:$C,$A14,データ!$E:$E,4) | I14: =IFERROR(COUNTIFS(データ!$C:$C,$A14,データ!$E:$E,1)/COUNTIF(データ!$C:$C,$A14),"-") | J14: =IFERROR((COUNTIFS(データ!$C:$C,$A14,データ!$E:$E,1)+COUNTIFS(データ!$C:$C,$A14,データ!$E:$E,2))/COUNTIF(データ!$C:$C,$A14),"-") | K14: =SUMIF(データ!$C:$C,$A14,データ!$F:$F) | L14: =IFERROR(AVERAGEIF(データ!$C:$C,$A14,データ!$F:$F),"-")
A15: 松本十子 | B15: =SUMPRODUCT((データ!$C$2:$C$2000=$A15)*1/COUNTIF(データ!$A$2:$A$2000,データ!$A$2:$A$2000)*(データ!$C$2:$C$2000=$A15)) | C15: =COUNTIF(データ!$C:$C,$A15) | D15: =IFERROR(AVERAGEIF(データ!$C:$C,$A15,データ!$E:$E),"-") | E15: =COUNTIFS(データ!$C:$C,$A15,データ!$E:$E,1) | F15: =COUNTIFS(データ!$C:$C,$A15,データ!$E:$E,2) | G15: =COUNTIFS(データ!$C:$C,$A15,データ!$E:$E,3) | H15: =COUNTIFS(データ!$C:$C,$A15,データ!$E:$E,4) | I15: =IFERROR(COUNTIFS(データ!$C:$C,$A15,データ!$E:$E,1)/COUNTIF(データ!$C:$C,$A15),"-") | J15: =IFERROR((COUNTIFS(データ!$C:$C,$A15,データ!$E:$E,1)+COUNTIFS(データ!$C:$C,$A15,データ!$E:$E,2))/COUNTIF(データ!$C:$C,$A15),"-") | K15: =SUMIF(データ!$C:$C,$A15,データ!$F:$F) | L15: =IFERROR(AVERAGEIF(データ!$C:$C,$A15,データ!$F:$F),"-")

Sheet 設定
A1: 参加者リスト（ここに追加） | C1: ウマ設定
A2: 鈴木太郎 | C2: 1位 | D2: 20
A3: 田中花子 | C3: 2位 | D3: 10
A4: 佐藤一郎 | C4: 3位 | D4: -10
A5: 山田次郎 | C5: 4位 | D5: -20
A6: 伊藤三郎 | C6: 返し点
A7: 渡辺四郎 | C7: 30000
A8: 中村五郎
A9: 小林六郎
A10: 加藤七海
A11: 吉田八重
A12: 山本九太
A13: 松本十子

Sheet データ
A1: 回数 | B1: 日付 | C1: 参加者名 | D1: 卓 | E1: 順位 | F1: 点数
A2: 1 | B2: 2024/01/20 | C2: 鈴木太郎 | D2: - | E2: 1 | F2: 42000
A3: 1 | B3: 2024/01/20 | C3: 田中花子 | D3: - | E3: 2 | F3: 27000
A4: 1 | B4: 2024/01/20 | C4: 佐藤一郎 | D4: - | E4: 3 | F4: 18000
A5: 1 | B5: 2024/01/20 | C5: 山田次郎 | D5: - | E5: 4 | F5: 9000
A6: 2 | B6: 2024/02/17 | C6: 鈴木太郎 | D6: A | E6: 2 | F6: 29000
A7: 2 | B7: 2024/02/17 | C7: 田中花子 | D7: A | E7: 1 | F7: 38000
A8: 2 | B8: 2024/02/17 | C8: 佐藤一郎 | D8: A | E8: 4 | F8: 8000
A9: 2 | B9: 2024/02/17 | C9: 山田次郎 | D9: A | E9: 3 | F9: 21000
A10: 2 | B10: 2024/02/17 | C10: 伊藤三郎 | D10: B | E10: 1 | F10: 44000
A11: 2 | B11: 2024/02/17 | C11: 渡辺四郎 | D11: B | E11: 3 | F11: 20000
A12: 2 | B12: 2024/02/17 | C12: 中村五郎 | D12: B | E12: 2 | F12: 32000
A13: 2 | B13: 2024/02/17 | C13: 小林六郎 | D13: B | E13: 4 | F13: 4000

Sheet 第1回(4人用サンプル)
A1: 第X回 成績入力（4人）
A2: 日付 | D2: 回数
A4: ▶ 対局結果
A5: 参加者 | B5: 順位 | C5: 点数（素点） | D5: ウマ | E5: 収支 | F5: メモ
D6: =IF(B6="","",CHOOSE(B6,設定!$D$2,設定!$D$3,設定!$D$4,設定!$D$5)) | E6: =IF(C6="","",ROUND((C6-設定!$C$7)/1000+D6,1))
D7: =IF(B7="","",CHOOSE(B7,設定!$D$2,設定!$D$3,設定!$D$4,設定!$D$5)) | E7: =IF(C7="","",ROUND((C7-設定!$C$7)/1000+D7,1))
D8: =IF(B8="","",CHOOSE(B8,設定!$D$2,設定!$D$3,設定!$D$4,設定!$D$5)) | E8: =IF(C8="","",ROUND((C8-設定!$C$7)/1000+D8,1))
D9: =IF(B9="","",CHOOSE(B9,設定!$D$2,設定!$D$3,設定!$D$4,設定!$D$5)) | E9: =IF(C9="","",ROUND((C9-設定!$C$7)/1000+D9,1))
A11: 点数合計（確認用） | D11: =SUM(C6:C9)
A12: ※ 上の合計が 100,000 点になっていれば正確（30,000×4 - チップ精算分を除く）
A14: ✅ 入力完了後：「集計に追加」マクロを実行するとマスターに反映されます

Sheet 第1回(8人用サンプル)
A1: 第X回 成績入力（8人 / A卓・B卓）
A2: 日付 | D2: 回数
A4: 🀇 A 卓
A5: 参加者 | B5: 順位 | C5: 点数（素点） | D5: ウマ | E5: 収支 | F5: メモ
D6: =IF(B6="","",CHOOSE(B6,設定!$D$2,設定!$D$3,設定!$D$4,設定!$D$5)) | E6: =IF(C6="","",ROUND((C6-設定!$C$7)/1000+D6,1))
D7: =IF(B7="","",CHOOSE(B7,設定!$D$2,設定!$D$3,設定!$D$4,設定!$D$5)) | E7: =IF(C7="","",ROUND((C7-設定!$C$7)/1000+D7,1))
D8: =IF(B8="","",CHOOSE(B8,設定!$D$2,設定!$D$3,設定!$D$4,設定!$D$5)) | E8: =IF(C8="","",ROUND((C8-設定!$C$7)/1000+D8,1))
D9: =IF(B9="","",CHOOSE(B9,設定!$D$2,設定!$D$3,設定!$D$4,設定!$D$5)) | E9: =IF(C9="","",ROUND((C9-設定!$C$7)/1000+D9,1))
A11: A卓 点数合計 | D11: =SUM(C6:C9)
A13: 🀗 B 卓
A14: 参加者 | B14: 順位 | C14: 点数（素点） | D14: ウマ | E14: 収支 | F14: メモ
D15: =IF(B15="","",CHOOSE(B15,設定!$D$2,設定!$D$3,設定!$D$4,設定!$D$5)) | E15: =IF(C15="","",ROUND((C15-設定!$C$7)/1000+D15,1))
D16: =IF(B16="","",CHOOSE(B16,設定!$D$2,設定!$D$3,設定!$D$4,設定!$D$5)) | E16: =IF(C16="","",ROUND((C16-設定!$C$7)/1000+D16,1))
D17: =IF(B17="","",CHOOSE(B17,設定!$D$2,設定!$D$3,設定!$D$4,設定!$D$5)) | E17: =IF(C17="","",ROUND((C17-設定!$C$7)/1000+D17,1))
D18: =IF(B18="","",CHOOSE(B18,設定!$D$2,設定!$D$3,設定!$D$4,設定!$D$5)) | E18: =IF(C18="","",ROUND((C18-設定!$C$7)/1000+D18,1))
A20: B卓 点数合計 | D20: =SUM(C15:C18)
A22: ✅ 入力完了後：「集計に追加」マクロを実行するとマスターに反映されます

Sheet 使い方
A1: 使い方ガイド
B3: 【STEP 1】参加者を登録する
B4: 「設定」シート（非表示）の A列に部員名を追加してください。
B5: → シートタブを右クリック ▶ [再表示] ▶ 設定 を選択
B7: 【STEP 2】各回のシートを作成する
B8: ・4人の場合：「新規シート_4人」マクロを実行
B9: ・8人の場合：「新規シート_8人」マクロを実行
B10: → [開発] タブ ▶ [マクロ] ▶ 実行 (または割り当てたボタンを押す)
B12: 【STEP 3】結果を入力する
B13: ・参加者：プルダウンから選択
B14: ・順位：1〜4 をプルダウンから選択
B15: ・点数：素点を入力（例: 42000）
B16: ・ウマ・収支 は自動計算されます
... B35: ④ Alt+F11 で戻る → [開発] タブ ▶ [マクロ] で実行できます
A38: ▼ VBAコード（以下をコピーして標準モジュールに貼り付け）
A39: ' ============================================================ ' 麻雀部成績管理 - VBAコード（Alt+F11 で貼り付け） ' ============================================================ ' 標準モジュールに貼り付けて使ってください。 ' その後 [開発タブ] > [マクロ] から実行できます。 ' ボタンにマクロを割り当てると便利です。 ' ============================================================ ' ---------------------------------------------------------- ' セッションシートをアーカイブ（非表示）にする ' ---------------------------------------------------------- Sub セッションをアーカイブ() Dim ws As Worksheet: Set ws = ActiveSheet Dim nm As String: nm = ws.Name ' 保護シートはアーカイブ不可 Dim forbidden As Variant forbidden = Array("マスター", "データ", "設定", "使い方", _ "第1回(4人用サンプル)", "第1回(8人用サンプル)") Dim f As Variant For Each f In forbidden If nm = f Then MsgBox "「" & nm & "」はアーカイブできません。", vbExclamation Exit Sub End If Next f If MsgBox("「" & nm & "」をアーカイブ（非表示）にしますか？" & Chr(13) & _ "「アーカイブを復元」マクロでいつでも再表示できます。", _ vbYesNo + vbQuestion, "アーカイブ確認") = vbNo Then Exit Sub ws.Visible = xlSheetHidden MsgBox "「" & nm & "」をアーカイブしました。", vbInformation End Sub ' ---------------------------------------------------------- ' アーカイブされたセッションシートを復元（再表示）する ' ---------------------------------------------------------- Sub アーカイブを復元() Dim excluded As Variant excluded = Array("データ", "設定") ' 非表示のセッションシートを収集 Dim sheetNames() As String Dim count As Integer: count = 0 Dim ws As Worksheet For Each ws In ThisWorkbook.Sheets If ws.Visible = xlSheetHidden Then Dim isExcluded As Boolean: isExcluded = False Dim ex As Variant For Each ex In excluded If ws.Name = ex Then isExcluded = True: Exit For Next ex If Not isExcluded Then count = count + 1 ReDim Preserve sheetNames(count - 1) sheetNames(count - 1) = ws.Name End If End If Next ws If count = 0 Then MsgBox "アーカイブされたセッションはありません。", vbInformation Exit Sub End If ' 一覧を表示して番号入力を受け付ける Dim listStr As String: listStr = "" Dim i As Integer For i = 0 To count - 1 listStr = listStr & (i + 1) & ". " & sheetNames(i) & Chr(13) Next i Dim input As String input = InputBox("復元するセッションの番号を入力してください:" & Chr(13) & Chr(13) & _ listStr, "アーカイブを復元") If input = "" Then Exit Sub If Not IsNumeric(input) Then MsgBox "番号を入力してください。", vbExclamation: Exit Sub End If Dim idx As Integer: idx = CInt(input) If idx < 1 Or idx > count Then MsgBox "1〜" & count & " の番号を入力してください。", vbExclamation: Exit Sub End If Dim targetName As String: targetName = sheetNames(idx - 1) ThisWorkbook.Sheets(targetName).Visible = xlSheetVisible ThisWorkbook.Sheets(targetName).Activate MsgBox "「" & targetName & "」を復元しました！", vbInformation End Sub ' ---------------------------------------------------------- ' 4人用シートを新規作成（テンプレートをコピー） ' ---------------------------------------------------------- Sub 新規シート_4人() Dim num As String Dim dt As String num = InputBox("回数を入力してください（例: 3）", "新規セッション作成") If num = "" Then Exit Sub dt = InputBox("日付を入力してください（例: 2024/03/15）", "日付入力", Format(Date, "yyyy/mm/dd")) If dt = "" Then Exit Sub Dim srcName As String: srcName = "第1回(4人用サンプル)" Dim newName As String: newName = "第" & num & "回(4人)" If SheetExists(newName) Then MsgBox "「" & newName & "」は既に存在します。", vbExclamation: Exit Sub End If Sheets(srcName).Copy After:=Sheets(Sheets.Count) With ActiveSheet .Name = newName .Range("B2").Value = CDate(dt) .Range("E2").Value = CLng(num) .Range("A6:F9").ClearContents End With MsgBox "「" & newName & "」を作成しました！", vbInformation End Sub ' ---------------------------------------------------------- ' 8人用シートを新規作成 ' ---------------------------------------------------------- Sub 新規シート_8人() Dim num As String Dim dt As String num = InputBox("回数を入力してください（例: 3）", "新規セッション作成") If num = "" Then Exit Sub dt = InputBox("日付を入力してください（例: 2024/03/15）", "日付入力", Format(Date, "yyyy/mm/dd")) If dt = "" Then Exit Sub Dim srcName As String: srcName = "第1回(8人用サンプル)" Dim newName As String: newName = "第" & num & "回(8人)" If SheetExists(newName) Then MsgBox "「" & newName & "」は既に存在します。", vbExclamation: Exit Sub End If Sheets(srcName).Copy After:=Sheets(Sheets.Count) With ActiveSheet .Name = newName .Range("B2").Value = CDate(dt) .Range("E2").Value = CLng(num) .Range("A6:F9").ClearContents .Range("A15:F18").ClearContents End With MsgBox "「" & newName & "」を作成しました！", vbInformation End Sub ' ---------------------------------------------------------- ' アクティブシートのデータをデータシートに集計 ' ---------------------------------------------------------- Sub 集計に追加() Dim ws As Worksheet: Set ws = ActiveSheet Dim wsData As Worksheet: Set wsData = Sheets("データ") Dim num As Variant: num = ws.Range("E2").Value Dim dt As Variant: dt = ws.Range("B2").Value If num = "" Or num = 0 Then MsgBox "回数（E2セル）を入力してください。", vbExclamation: Exit Sub End If If dt = "" Then MsgBox "日付（B2セル）を入力してください。", vbExclamation: Exit Sub End If ' 既存データを確認 If Application.CountIf(wsData.Columns("A"), num) > 0 Then If MsgBox("第" & num & "回のデータは既に登録されています。上書きしますか？", _ vbYesNo + vbQuestion, "上書き確認") = vbNo Then Exit Sub ' 削除 Dim i As Long For i = wsData.Cells(wsData.Rows.Count, "A").End(xlUp).Row To 2 Step -1 If wsData.Cells(i, "A").Value = num Then wsData.Rows(i).Delete Next i End If Dim lastRow As Long Dim r As Integer ' ── 4人シート判定（B2行から下に4行 or 8行） Dim is8player As Boolean is8player = (InStr(ws.Name, "8人") > 0 Or ws.Range("A13").Value <> "") If is8player Then ' A卓 (行6-9) For r = 6 To 9 Call WriteRow(wsData, num, dt, ws, r, "A") Next r ' B卓 (行15-18) For r = 15 To 18 Call WriteRow(wsData, num, dt, ws, r, "B") Next r Else ' 4人 (行6-9) For r = 6 To 9 Call WriteRow(wsData, num, dt, ws, r, "-") Next r End If MsgBox "集計に追加しました！ マスターシートを確認してください。", vbInformation End Sub ' ---------------------------------------------------------- ' 1行書き込みサブルーチン ' ---------------------------------------------------------- Private Sub WriteRow(wsData As Worksheet, num As Variant, dt As Variant, _ ws As Worksheet, r As Integer, taku As String) Dim nm As String: nm = ws.Cells(r, 1).Value If nm = "" Then Exit Sub Dim lastRow As Long lastRow = wsData.Cells(wsData.Rows.Count, "A").End(xlUp).Row + 1 wsData.Cells(lastRow, 1).Value = num wsData.Cells(lastRow, 2).Value = dt wsData.Cells(lastRow, 2).NumberFormat = "yyyy/mm/dd" wsData.Cells(lastRow, 3).Value = nm wsData.Cells(lastRow, 4).Value = taku wsData.Cells(lastRow, 5).Value = ws.Cells(r, 2).Value ' 順位 wsData.Cells(lastRow, 6).Value = ws.Cells(r, 3).Value ' 点数 End Sub ' ---------------------------------------------------------- ' シート存在確認 ' ---------------------------------------------------------- Private Function SheetExists(nm As String) As Boolean Dim s As Worksheet On Error Resume Next Set s = Sheets(nm) SheetExists = Not s Is Nothing On Error GoTo 0 End Function
